Provider_Name,District,Course_ID,Course_Name,Job_Role,Skills_Modules,Duration_Months,Eligibility,Equipment_Labs,Curriculum_Last_Update,Seats_Capacity,Available_Seats,Students_Enrolled,Students_Completed,Students_Placed,Employer_Industry,Top_Hiring_Companies,Salary_Range_INR,Market_Demand_Vacancies
Skill India Center - Mumbai,Mumbai,MH-CRS-1001,Solar PV Installer (Suryamitra),Solar Installer,"Panel Mounting, Inverter Wiring, Load Calculation",3,ITI / Diploma,"Solar Panels, Inverters, Multimeters, Safety Harness",2023-11-15,100,23,77,68,47,Green Jobs,"Tata Power Solar, Suzlon, CleanMax",1.8L - 2.5L,242
GreenEarth Training Solutions - Mumbai,Mumbai,MH-CRS-1002,Field Technician - AC & Fridge,AC/Fridge Repair Tech,"Gas Charging, Compressor Repair, Electrical Basics",3,10th Pass,"HVAC Testing Kits, Refrigerant Cylinders",2023-09-15,60,23,37,29,18,Electronics,"Voltas, Blue Star, LG Service Centers",1.5L - 2.5L,323
Pioneer Healthcare Academy - Pune,Pune,MH-CRS-1003,Retail Sales Associate,Store Sales Executive,"Customer Service, POS Operations, Inventory Basics",2,10th/12th Pass,"Mock Retail Store, POS Billing Machines",2024-01-15,40,3,37,32,26,Retail,"Reliance Retail, Croma, Pantaloons",1.2L - 1.8L,703
Empower Vocational Training - Kolhapur,Kolhapur,MH-CRS-1004,IT Helpdesk Attendant,IT Support Executive,"Hardware Troubleshooting, OS Installation, Networking",3,12th Pass,"Hardware Kits, Networking Racks",2023-07-15,50,16,34,30,30,IT-ITES,"L&T Infotech, Wipro, HCL",1.8L - 2.5L,696
Empower Vocational Training - Thane,Thane,MH-CRS-1005,Junior Software Developer,Software Developer,"Python, Java, Basic SQL, Git",6,Diploma/Graduate,"Computer Lab (40 PCs), Servers",2023-07-15,80,16,64,63,38,IT-ITES,"Tech Mahindra, Infosys, Capgemini",3.0L - 4.5L,1044
Industrial Training Institute (ITI) - Navi Mumbai,Navi Mumbai,MH-CRS-1006,Junior Software Developer,Software Developer,"Python, Java, Basic SQL, Git",6,Diploma/Graduate,"Computer Lab (40 PCs), Servers",2023-11-15,100,1,99,90,90,IT-ITES,"Tech Mahindra, Infosys, Capgemini",3.0L - 4.5L,531
Pradhan Mantri Kaushal Kendra - Aurangabad,Aurangabad,MH-CRS-1007,General Duty Assistant (GDA),Nursing Assistant,"Patient Care, Hygiene, First Aid, Vitals Monitoring",4,10th Pass,"Mock Hospital Ward, CPR Manikins",2023-06-15,40,13,27,24,18,Healthcare,"Apollo Hospitals, Fortis, Ruby Hall Clinic",1.5L - 2.2L,950
Industrial Training Institute (ITI) - Nashik,Nashik,MH-CRS-1008,CNC Setter cum Operator,CNC Operator,"CNC Programming, Precision Machining, Tool Setting",6,ITI / 10th Pass,"CNC Turning/Milling Machines, Simulators",2023-03-15,100,36,64,60,56,Manufacturing,"Bharat Forge, Tata Motors, Bajaj Auto",2.0L - 3.5L,275
Industrial Training Institute (ITI) - Kolhapur,Kolhapur,MH-CRS-1009,Automotive Welding (MIG/MAG),Welder,"MIG Welding, Blueprint Reading, Safety Standards",3,8th/10th Pass,"Welding Booths, Safety Gear, Fume Extractors",2023-01-15,100,5,95,83,69,Automotive,"Mahindra & Mahindra, Skoda Auto, Local Ancillaries",1.8L - 2.6L,157
Industrial Training Institute (ITI) - Kolhapur,Kolhapur,MH-CRS-1010,CNC Setter cum Operator,CNC Operator,"CNC Programming, Precision Machining, Tool Setting",6,ITI / 10th Pass,"CNC Turning/Milling Machines, Simulators",2024-07-15,30,9,21,20,17,Manufacturing,"Bharat Forge, Tata Motors, Bajaj Auto",2.0L - 3.5L,317
TechVision Institute - Solapur,Solapur,MH-CRS-1011,Solar PV Installer (Suryamitra),Solar Installer,"Panel Mounting, Inverter Wiring, Load Calculation",3,ITI / Diploma,"Solar Panels, Inverters, Multimeters, Safety Harness",2024-12-15,50,16,34,30,29,Green Jobs,"Tata Power Solar, Suzlon, CleanMax",1.8L - 2.5L,674
GreenEarth Training Solutions - Kolhapur,Kolhapur,MH-CRS-1012,Retail Sales Associate,Store Sales Executive,"Customer Service, POS Operations, Inventory Basics",2,10th/12th Pass,"Mock Retail Store, POS Billing Machines",2024-02-15,60,13,47,40,28,Retail,"Reliance Retail, Croma, Pantaloons",1.2L - 1.8L,621
TechVision Institute - Mumbai,Mumbai,MH-CRS-1013,Domestic Data Entry Operator,Data Entry Operator,"Typing, MS Office, Basic Data Management",3,10th Pass,"Computer Lab (30 PCs), High-speed Internet",2024-07-15,100,30,70,68,61,IT-ITES,"TCS BPO, Wipro, Local KPOs",1.5L - 2.0L,764
Pioneer Healthcare Academy - Solapur,Solapur,MH-CRS-1014,Retail Sales Associate,Store Sales Executive,"Customer Service, POS Operations, Inventory Basics",2,10th/12th Pass,"Mock Retail Store, POS Billing Machines",2024-11-15,50,3,47,37,25,Retail,"Reliance Retail, Croma, Pantaloons",1.2L - 1.8L,798
Industrial Training Institute (ITI) - Mumbai,Mumbai,MH-CRS-1015,CNC Setter cum Operator,CNC Operator,"CNC Programming, Precision Machining, Tool Setting",6,ITI / 10th Pass,"CNC Turning/Milling Machines, Simulators",2023-09-15,60,19,41,39,23,Manufacturing,"Bharat Forge, Tata Motors, Bajaj Auto",2.0L - 3.5L,369
Pioneer Healthcare Academy - Aurangabad,Aurangabad,MH-CRS-1016,Junior Software Developer,Software Developer,"Python, Java, Basic SQL, Git",6,Diploma/Graduate,"Computer Lab (40 PCs), Servers",2023-10-15,80,20,60,50,41,IT-ITES,"Tech Mahindra, Infosys, Capgemini",3.0L - 4.5L,741
Skill India Center - Solapur,Solapur,MH-CRS-1017,CNC Setter cum Operator,CNC Operator,"CNC Programming, Precision Machining, Tool Setting",6,ITI / 10th Pass,"CNC Turning/Milling Machines, Simulators",2023-10-15,30,7,23,20,15,Manufacturing,"Bharat Forge, Tata Motors, Bajaj Auto",2.0L - 3.5L,159
Apex Technical Institute - Mumbai,Mumbai,MH-CRS-1018,Junior Software Developer,Software Developer,"Python, Java, Basic SQL, Git",6,Diploma/Graduate,"Computer Lab (40 PCs), Servers",2024-09-15,30,0,30,28,28,IT-ITES,"Tech Mahindra, Infosys, Capgemini",3.0L - 4.5L,493
Pioneer Healthcare Academy - Aurangabad,Aurangabad,MH-CRS-1019,IT Helpdesk Attendant,IT Support Executive,"Hardware Troubleshooting, OS Installation, Networking",3,12th Pass,"Hardware Kits, Networking Racks",2024-11-15,80,5,75,66,56,IT-ITES,"L&T Infotech, Wipro, HCL",1.8L - 2.5L,664
Apex Technical Institute - Thane,Thane,MH-CRS-1020,Solar PV Installer (Suryamitra),Solar Installer,"Panel Mounting, Inverter Wiring, Load Calculation",3,ITI / Diploma,"Solar Panels, Inverters, Multimeters, Safety Harness",2023-06-15,80,4,76,63,44,Green Jobs,"Tata Power Solar, Suzlon, CleanMax",1.8L - 2.5L,330
Pioneer Healthcare Academy - Amravati,Amravati,MH-CRS-1021,Domestic Data Entry Operator,Data Entry Operator,"Typing, MS Office, Basic Data Management",3,10th Pass,"Computer Lab (30 PCs), High-speed Internet",2023-02-15,40,9,31,24,15,IT-ITES,"TCS BPO, Wipro, Local KPOs",1.5L - 2.0L,976
Pradhan Mantri Kaushal Kendra - Thane,Thane,MH-CRS-1022,Domestic Data Entry Operator,Data Entry Operator,"Typing, MS Office, Basic Data Management",3,10th Pass,"Computer Lab (30 PCs), High-speed Internet",2023-12-15,80,17,63,54,53,IT-ITES,"TCS BPO, Wipro, Local KPOs",1.5L - 2.0L,906
Apex Technical Institute - Amravati,Amravati,MH-CRS-1023,Retail Sales Associate,Store Sales Executive,"Customer Service, POS Operations, Inventory Basics",2,10th/12th Pass,"Mock Retail Store, POS Billing Machines",2023-11-15,40,1,39,37,28,Retail,"Reliance Retail, Croma, Pantaloons",1.2L - 1.8L,196
NextGen Skills Hub - Thane,Thane,MH-CRS-1024,EV Service Technician,EV Mechanic,"Battery Mgmt Systems, Motor Diagnostics, Safety",4,ITI / Diploma,"EV Diagnostic Scanners, Battery Testers",2024-12-15,60,10,50,40,27,Automotive,"Ather Energy, Ola Electric, Tata Motors",2.2L - 3.8L,162
Maharashtra State Skill Academy - Mumbai,Mumbai,MH-CRS-1025,CNC Setter cum Operator,CNC Operator,"CNC Programming, Precision Machining, Tool Setting",6,ITI / 10th Pass,"CNC Turning/Milling Machines, Simulators",2024-03-15,40,10,30,28,23,Manufacturing,"Bharat Forge, Tata Motors, Bajaj Auto",2.0L - 3.5L,243
Maharashtra State Skill Academy - Solapur,Solapur,MH-CRS-1026,Phlebotomy Technician,Phlebotomist,"Blood Collection, Sample Handling, Infection Control",3,12th Science,"Phlebotomy Kits, Centrifuge, Lab Safety Gear",2023-02-15,30,5,25,24,15,Healthcare,"Dr. Lal PathLabs, SRL Diagnostics",1.8L - 2.8L,627
NextGen Skills Hub - Nagpur,Nagpur,MH-CRS-1027,General Duty Assistant (GDA),Nursing Assistant,"Patient Care, Hygiene, First Aid, Vitals Monitoring",4,10th Pass,"Mock Hospital Ward, CPR Manikins",2024-01-15,60,9,51,43,37,Healthcare,"Apollo Hospitals, Fortis, Ruby Hall Clinic",1.5L - 2.2L,444
Apex Technical Institute - Aurangabad,Aurangabad,MH-CRS-1028,EV Service Technician,EV Mechanic,"Battery Mgmt Systems, Motor Diagnostics, Safety",4,ITI / Diploma,"EV Diagnostic Scanners, Battery Testers",2023-05-15,50,7,43,42,40,Automotive,"Ather Energy, Ola Electric, Tata Motors",2.2L - 3.8L,258
GreenEarth Training Solutions - Pune,Pune,MH-CRS-1029,General Duty Assistant (GDA),Nursing Assistant,"Patient Care, Hygiene, First Aid, Vitals Monitoring",4,10th Pass,"Mock Hospital Ward, CPR Manikins",2024-09-15,100,6,94,76,65,Healthcare,"Apollo Hospitals, Fortis, Ruby Hall Clinic",1.5L - 2.2L,383
Skill India Center - Nagpur,Nagpur,MH-CRS-1030,Field Technician - AC & Fridge,AC/Fridge Repair Tech,"Gas Charging, Compressor Repair, Electrical Basics",3,10th Pass,"HVAC Testing Kits, Refrigerant Cylinders",2023-11-15,80,27,53,44,28,Electronics,"Voltas, Blue Star, LG Service Centers",1.5L - 2.5L,709
Pradhan Mantri Kaushal Kendra - Kolhapur,Kolhapur,MH-CRS-1031,General Duty Assistant (GDA),Nursing Assistant,"Patient Care, Hygiene, First Aid, Vitals Monitoring",4,10th Pass,"Mock Hospital Ward, CPR Manikins",2024-11-15,80,17,63,59,54,Healthcare,"Apollo Hospitals, Fortis, Ruby Hall Clinic",1.5L - 2.2L,381
Pioneer Healthcare Academy - Amravati,Amravati,MH-CRS-1032,Retail Sales Associate,Store Sales Executive,"Customer Service, POS Operations, Inventory Basics",2,10th/12th Pass,"Mock Retail Store, POS Billing Machines",2023-05-15,50,12,38,33,29,Retail,"Reliance Retail, Croma, Pantaloons",1.2L - 1.8L,421
Industrial Training Institute (ITI) - Nagpur,Nagpur,MH-CRS-1033,EV Service Technician,EV Mechanic,"Battery Mgmt Systems, Motor Diagnostics, Safety",4,ITI / Diploma,"EV Diagnostic Scanners, Battery Testers",2023-02-15,60,14,46,37,22,Automotive,"Ather Energy, Ola Electric, Tata Motors",2.2L - 3.8L,569
Pioneer Healthcare Academy - Nashik,Nashik,MH-CRS-1034,Field Technician - AC & Fridge,AC/Fridge Repair Tech,"Gas Charging, Compressor Repair, Electrical Basics",3,10th Pass,"HVAC Testing Kits, Refrigerant Cylinders",2024-05-15,50,16,34,32,20,Electronics,"Voltas, Blue Star, LG Service Centers",1.5L - 2.5L,350
Pioneer Healthcare Academy - Solapur,Solapur,MH-CRS-1035,IT Helpdesk Attendant,IT Support Executive,"Hardware Troubleshooting, OS Installation, Networking",3,12th Pass,"Hardware Kits, Networking Racks",2024-11-15,100,21,79,79,47,IT-ITES,"L&T Infotech, Wipro, HCL",1.8L - 2.5L,1266
Industrial Training Institute (ITI) - Nagpur,Nagpur,MH-CRS-1036,Junior Software Developer,Software Developer,"Python, Java, Basic SQL, Git",6,Diploma/Graduate,"Computer Lab (40 PCs), Servers",2023-12-15,30,11,19,19,13,IT-ITES,"Tech Mahindra, Infosys, Capgemini",3.0L - 4.5L,722
Industrial Training Institute (ITI) - Nashik,Nashik,MH-CRS-1037,CNC Setter cum Operator,CNC Operator,"CNC Programming, Precision Machining, Tool Setting",6,ITI / 10th Pass,"CNC Turning/Milling Machines, Simulators",2023-11-15,80,1,79,71,70,Manufacturing,"Bharat Forge, Tata Motors, Bajaj Auto",2.0L - 3.5L,152
Skill India Center - Aurangabad,Aurangabad,MH-CRS-1038,EV Service Technician,EV Mechanic,"Battery Mgmt Systems, Motor Diagnostics, Safety",4,ITI / Diploma,"EV Diagnostic Scanners, Battery Testers",2024-09-15,30,7,23,19,15,Automotive,"Ather Energy, Ola Electric, Tata Motors",2.2L - 3.8L,265
Skill India Center - Navi Mumbai,Navi Mumbai,MH-CRS-1039,EV Service Technician,EV Mechanic,"Battery Mgmt Systems, Motor Diagnostics, Safety",4,ITI / Diploma,"EV Diagnostic Scanners, Battery Testers",2023-07-15,30,11,19,16,9,Automotive,"Ather Energy, Ola Electric, Tata Motors",2.2L - 3.8L,478
Industrial Training Institute (ITI) - Pune,Pune,MH-CRS-1040,IT Helpdesk Attendant,IT Support Executive,"Hardware Troubleshooting, OS Installation, Networking",3,12th Pass,"Hardware Kits, Networking Racks",2023-06-15,50,19,31,29,20,IT-ITES,"L&T Infotech, Wipro, HCL",1.8L - 2.5L,1125
GreenEarth Training Solutions - Kolhapur,Kolhapur,MH-CRS-1041,Field Technician - AC & Fridge,AC/Fridge Repair Tech,"Gas Charging, Compressor Repair, Electrical Basics",3,10th Pass,"HVAC Testing Kits, Refrigerant Cylinders",2023-07-15,100,31,69,69,48,Electronics,"Voltas, Blue Star, LG Service Centers",1.5L - 2.5L,266
Empower Vocational Training - Nagpur,Nagpur,MH-CRS-1042,Domestic Data Entry Operator,Data Entry Operator,"Typing, MS Office, Basic Data Management",3,10th Pass,"Computer Lab (30 PCs), High-speed Internet",2023-07-15,60,3,57,56,40,IT-ITES,"TCS BPO, Wipro, Local KPOs",1.5L - 2.0L,654
Maharashtra State Skill Academy - Solapur,Solapur,MH-CRS-1043,Domestic Data Entry Operator,Data Entry Operator,"Typing, MS Office, Basic Data Management",3,10th Pass,"Computer Lab (30 PCs), High-speed Internet",2023-11-15,40,2,38,35,25,IT-ITES,"TCS BPO, Wipro, Local KPOs",1.5L - 2.0L,647
Empower Vocational Training - Kolhapur,Kolhapur,MH-CRS-1044,General Duty Assistant (GDA),Nursing Assistant,"Patient Care, Hygiene, First Aid, Vitals Monitoring",4,10th Pass,"Mock Hospital Ward, CPR Manikins",2024-11-15,50,18,32,29,22,Healthcare,"Apollo Hospitals, Fortis, Ruby Hall Clinic",1.5L - 2.2L,1216
Skill India Center - Thane,Thane,MH-CRS-1045,Field Technician - AC & Fridge,AC/Fridge Repair Tech,"Gas Charging, Compressor Repair, Electrical Basics",3,10th Pass,"HVAC Testing Kits, Refrigerant Cylinders",2023-10-15,30,8,22,18,14,Electronics,"Voltas, Blue Star, LG Service Centers",1.5L - 2.5L,139
Empower Vocational Training - Thane,Thane,MH-CRS-1046,EV Service Technician,EV Mechanic,"Battery Mgmt Systems, Motor Diagnostics, Safety",4,ITI / Diploma,"EV Diagnostic Scanners, Battery Testers",2023-05-15,60,5,55,52,34,Automotive,"Ather Energy, Ola Electric, Tata Motors",2.2L - 3.8L,494
Skill India Center - Kolhapur,Kolhapur,MH-CRS-1047,Domestic Data Entry Operator,Data Entry Operator,"Typing, MS Office, Basic Data Management",3,10th Pass,"Computer Lab (30 PCs), High-speed Internet",2024-11-15,80,20,60,53,44,IT-ITES,"TCS BPO, Wipro, Local KPOs",1.5L - 2.0L,540
Pioneer Healthcare Academy - Aurangabad,Aurangabad,MH-CRS-1048,Junior Software Developer,Software Developer,"Python, Java, Basic SQL, Git",6,Diploma/Graduate,"Computer Lab (40 PCs), Servers",2023-04-15,50,7,43,39,35,IT-ITES,"Tech Mahindra, Infosys, Capgemini",3.0L - 4.5L,885
TechVision Institute - Kolhapur,Kolhapur,MH-CRS-1049,EV Service Technician,EV Mechanic,"Battery Mgmt Systems, Motor Diagnostics, Safety",4,ITI / Diploma,"EV Diagnostic Scanners, Battery Testers",2024-05-15,80,13,67,59,52,Automotive,"Ather Energy, Ola Electric, Tata Motors",2.2L - 3.8L,100
GreenEarth Training Solutions - Kolhapur,Kolhapur,MH-CRS-1050,General Duty Assistant (GDA),Nursing Assistant,"Patient Care, Hygiene, First Aid, Vitals Monitoring",4,10th Pass,"Mock Hospital Ward, CPR Manikins",2024-12-15,80,12,68,61,50,Healthcare,"Apollo Hospitals, Fortis, Ruby Hall Clinic",1.5L - 2.2L,861
